"item_id","image"
1,"himawari.jpg"
2,"himawari.jpg"
3,"mask_man.png"
4,"mask_man.png"
8,"[\'kafun_kayui.png\', \'mask_man.png\']"
9,"kafun_kayui.png"
10,"mask_man.png"
11,"mask_man.png"
12,"kafun_kayui.png"
13,"mask_man.png"
13,"kafun_kayui.png"
13,"member_photo_noimage_thumb.png"
14,"icon-01.png"
14,"icon_brand.png"
15,"icon-01.png"
15,"icon-03.png"
16,"icon-01.png"
16,"icon-03.png"
17,"icon-01.png"
17,"icon-02.png"
18,"icon-01.png"
18,"icon-02.png"
18,"icon-03.png"
19,"icon-01.png"
19,"icon-02.png"
19,"icon-03.png"
19,"icon-04.png"
20,"icon-01.png"
20,"icon-02.png"
20,"icon-03.png"
20,"icon-04.png"
20,"icon_brand.png"
21,"icon-02.png"
21,"icon_category.png"
22,"icon_category.png"
22,"icon-01.png"
23,"icon-02.png"
24,"icon-04.png"
24,"icon-03.png"
24,"icon-02.png"
24,"icon-01.png"
24,"member_photo_noimage_thumb.png"
25,"icon-01.png"
25,"icon-01.png"
26,"icon-01.png"
27,"member_photo_noimage_thumb.png"
28,"member_photo_noimage_thumb.png"
29,"icon-01.png"
29,"icon-02.png"
29,"icon-03.png"
29,"icon-04.png"
29,"icon_category.png"
30,"icon-01.png"
30,"icon-02.png"
30,"icon-03.png"
30,"icon-04.png"
31,"icon-02.png"
31,"icon-04.png"
31,"icon_brand.png"
31,"icon_category.png"
31,"member_photo_noimage_thumb.png"